{
  "response_code": 0,
  "results": [
    {
      "category": "General Knowledge",
      "type": "multiple",
      "difficulty": "medium",
      "question": "In a standard set of playing cards, which is the only king without a moustache?",
      "correct_answer": "Hearts",
      "incorrect_answers": [
        "Spades",
        "Diamonds",
        "Clubs"
      ]
    },
    {
      "category": "General Knowledge",
      "type": "multiple",
      "difficulty": "easy",
      "question": "What was the nickname given to the Hughes H-4 Hercules, a heavy transport flying boat which achieved flight in 1947?",
      "correct_answer": "Spruce Goose",
      "incorrect_answers": [
        "Noah&#039;s Ark",
        "Fat Man",
        "Trojan Horse"
      ]
    },
    {
      "category": "General Knowledge",
      "type": "multiple",
      "difficulty": "medium",
      "question": "Who is the founder of &quot;The Lego Group&quot;?",
      "correct_answer": "Ole Kirk Christiansen",
      "incorrect_answers": [
        " Jens Niels Christiansen",
        "Kirstine Christiansen",
        " Gerhardt Kirk Christiansen"
      ]
    },
    {
      "category": "General Knowledge",
      "type": "boolean",
      "difficulty": "medium",
      "question": "The French word for &quot;glass&quot; is &quot;glace&quot;.",
      "correct_answer": "False",
      "incorrect_answers": [
        "True"
      ]
    },
    {
      "category": "General Knowledge",
      "type": "multiple",
      "difficulty": "easy",
      "question": "Which country has the union jack in its flag?",
      "correct_answer": "New Zealand",
      "incorrect_answers": [
        "South Africa",
        "Canada",
        "Hong Kong"
      ]
    }
  ]
}